"QueryName","CurrencyCode","ServiceName","ProductName","SkuName","ArmSkuName","MeterName","ServiceFamily","UnitOfMeasure","TierMinimumUnits","PriceType","ReservationTerm","West Europe","Sweden Central","Italy North","Germany West Central","Spain Central","Switzerland North","Belgium Central","France Central","Norway East","Austria East","Denmark East","Poland Central"
"Azure SQL General Purpose Gen5 vCore","USD","SQL Database","SQL Database Single/Elastic Pool General Purpose - Compute Gen5","vCore","SQLDB_GP_Compute_Gen5","vCore","Databases","1 Hour","0.0","Consumption",,"0.167439","0.167439","0.167439","0.167439","0.167439","0.184183","0.167439","0.190271","0.184182","0.167439","0.167439","0.184183"
"Azure SQL Business Critical Gen5 vCore","USD","SQL Database","SQL Database Single/Elastic Pool Business Critical - Compute Gen5","vCore","SQLDB_BC_Compute_Gen5","vCore","Databases","1 Hour","0.0","Consumption",,"0.334879","0.334879","0.334879","0.334879","0.334879","0.368367","0.334879","0.380544","0.368366","0.334879","0.334879","0.334879"
"Azure SQL General Purpose Data Stored","USD","SQL Database","SQL Database Single/Elastic Pool General Purpose - Storage","General Purpose","","General Purpose Data Stored","Databases","1 GB/Month","0.0","Consumption",,"0.13685","0.13685","0.13685","0.137","0.13685","0.164","0.137","0.14375","0.151","0.137","0.137","0.137"
"Azure SQL PITR Backup LRS","USD","SQL Database","SQL Database Single/Elastic Pool PITR Backup Storage","Backup LRS","","LRS Data Stored","Databases","1 GB/Month","0.0","Consumption",,"0.119","0.119","0.119","0.119","0.119","0.1309","0.119","0.125","0.131","0.119","0.119","0.119"
"SQL MI General Purpose Gen5 vCore","USD","SQL Managed Instance","SQL Managed Instance General Purpose - Compute Gen5","vCore","SQLMI_GP_Compute_Gen5","vCore","Databases","1 Hour","0.0","Consumption",,"0.167439","0.167439","0.167439","0.167439","0.167439","0.184183","0.167439","0.190272","0.184182","0.167439","0.167439","0.167439"
"SQL MI Business Critical Gen5 vCore","USD","SQL Managed Instance","SQL Managed Instance Business Critical - Compute Gen5","vCore","SQLMI_BC_Compute_Gen5","vCore","Databases","1 Hour","0.0","Consumption",,"0.334879","0.334879","0.334879","0.334879","0.334879","0.401854","0.334879","0.380544","0.368366","0.334879","0.334879","0.334879"
"SQL MI General Purpose Data Stored","USD","SQL Managed Instance","SQL Managed Instance General Purpose - Storage","General Purpose","","General Purpose Data Stored","Databases","1 GB/Month","0.0","Consumption",,"0.13685","0.13685","0.13685","0.137","0.13685","0.164","0.137","0.14375","0.151","0.137","0.137","0.137"
"SQL MI Additional IOPS","USD","SQL Managed Instance","SQL Managed Instance General Purpose - Storage","Additional IOPS","Additional IOPS","Additional IOPS","Databases","1 IOPS/Month","0.0","Consumption",,"0.0475","0.0494","0.04522","0.0494","0.0494","0.0532","0.0494","0.0456","0.0532","0.0494","0.0494","0.0475"
"SQL MI PITR Backup LRS","USD","SQL Managed Instance","SQL Managed Instance PITR Backup Storage","Backup LRS","","LRS Data Stored","Databases","1 GB/Month","0.0","Consumption",,"0.119","0.119","0.119","0.119","0.119","0.1309","0.119","0.125","0.131","0.119","0.119","0.119"
"PostgreSQL Flexible Server Ddsv5 vCore","USD","Azure Database for PostgreSQL","Azure Database for PostgreSQL Flexible Server General Purpose Ddsv5 Series Compute","vCore","AzureDB_PostgreSQL_Flexible_Server_General_Purpose_Ddsv5Series_Compute_vCore","vCore","Databases","1 Hour","0.0","Consumption",,"0.106","0.0935","0.106","0.106","0.106","0.13","0.106","0.103","0.119","0.106","0.106","0.106"
"PostgreSQL Flexible Server Storage","USD","Azure Database for PostgreSQL","Az DB for PostgreSQL Flexible Server Storage","Storage","Storage","Storage Data Stored","Databases","1 GB/Month","0.0","Consumption",,"0.1369","0.1369","0.1369","0.137","0.1369","0.15059","0.137","0.133","0.151","0.137","0.137","0.137"
"PostgreSQL Flexible Server Provisioned IOPS","USD","Azure Database for PostgreSQL","Az DB for PostgreSQL Flexible Server Storage","IOPS Scaling","IOPS Scaling","IOPS Scaling Provisioned IOPS","Databases","1/Month","0.0","Consumption",,"0.0595","0.06","0.0595","0.0596","0.0595","0.06545","0.0596","0.0578","0.0657","0.0596","0.0596","0.0596"
"PostgreSQL Flexible Server Backup LRS","USD","Azure Database for PostgreSQL","Azure Database for PostgreSQL Flexible Server Backup Storage","Backup Storage LRS","Backup Storage","Backup Storage LRS Data Stored","Databases","1 GB/Month","0.0","Consumption",,"0.103","0.103","0.103","0.103","0.103","0.1133","0.103","0.1","0.131","0.103","0.1235","0.103"
"Cosmos DB Provisioned Throughput 100 RU/s","USD","Azure Cosmos DB","Azure Cosmos DB","RUs","","100 RU/s","Databases","1/Hour","0.0","Consumption",,"0.008","0.008","0.008","0.008","0.008","0.0096","0.008","0.01","0.0088","0.008","0.008","0.008"
"Cosmos DB Serverless 1M RUs","USD","Azure Cosmos DB","Azure Cosmos DB serverless","RUs","","1M RUs","Databases","1M","0.0","Consumption",,"0.305","0.305","0.305","0.305","0.305","0.3355","0.305","0.297","0.3355","0.305","0.305","0.305"
"Cosmos DB Transactional Data Stored","USD","Azure Cosmos DB","Azure Cosmos DB","RUs","","Data Stored","Databases","1 GB/Month","0.0","Consumption",,"0.25","0.25","0.25","0.25","0.25","0.3","0.25","0.3125","0.275","0.25","0.25","0.25"
"Cosmos DB Analytical Storage","USD","Azure Cosmos DB","Azure Cosmos DB Analytics Storage","Standard","","Standard Data Stored","Databases","1 GB/Month","0.0","Consumption",,"0.02","0.02","0.02","0.02","0.02","0.03","0.02","0.02","0.022","0.02","0.02","0.02"
"Cosmos DB Dedicated Gateway D4s","USD","Azure Cosmos DB","Azure Cosmos DB Dedicated Gateway - General Purpose","D4s","","D4s","Databases","1 Hour","0.0","Consumption",,"0.428","0.428","0.428","0.418","0.428","0.5434","0.428","0.412","0.4708","0.428","0.428","0.418"
"Blob Storage Hot LRS Data Stored","USD","Storage","Blob Storage","Hot LRS","","Hot LRS Data Stored","Storage","1 GB/Month","0.0","Consumption",,"0.0196","0.0184","0.0192","0.0196","0.0184","0.02156","0.0196","0.0192","0.0216","0.0196","0.0196","0.0196"
"Blob Storage Hot LRS Data Stored","USD","Storage","Blob Storage","Hot LRS","","Hot LRS Data Stored","Storage","1 GB/Month","51200.0","Consumption",,"0.018816","0.017664","0.018432","0.0188","0.017664","0.020734","0.0188","0.018432","0.0207","0.0188","0.0188","0.018816"
"Blob Storage Hot LRS Data Stored","USD","Storage","Blob Storage","Hot LRS","","Hot LRS Data Stored","Storage","1 GB/Month","512000.0","Consumption",,"0.018032","0.016928","0.017664","0.018","0.016928","0.019817","0.018","0.017664","0.0198","0.018","0.018","0.018032"
"Block Blob Hot ZRS Data Stored","USD","Storage","General Block Blob v2","Hot ZRS","","Hot ZRS Data Stored","Storage","1 GB/Month","0.0","Consumption",,"0.024","0.023","0.024","0.0225","0.023","0.0264","0.024","0.024","0.0264","0.024","0.024","0.0225"
"Block Blob Hot ZRS Data Stored","USD","Storage","General Block Blob v2","Hot ZRS","","Hot ZRS Data Stored","Storage","1 GB/Month","51200.0","Consumption",,"0.02304","0.02208","0.02304","0.0216","0.02208","0.025392","0.02304","0.02304","0.0253","0.02304","0.02304","0.0216"
"Block Blob Hot ZRS Data Stored","USD","Storage","General Block Blob v2","Hot ZRS","","Hot ZRS Data Stored","Storage","1 GB/Month","512000.0","Consumption",,"0.02208","0.02116","0.02208","0.0207","0.02116","0.024291","0.02208","0.02208","0.0243","0.02208","0.02208","0.0207"
"Block Blob Hot LRS Write Operations","USD","Storage","General Block Blob v2","Hot LRS","","Hot LRS Write Operations","Storage","10K","0.0","Consumption",,"0.054","0.05","0.053","0.054","0.053","0.054","0.054","0.059","0.0594","0.054","0.054","0.054"
"Block Blob Hot LRS Read Operations","USD","Storage","General Block Blob v2","Hot LRS","","Hot Read Operations","Storage","10K","0.0","Consumption",,"0.0043","0.004","0.004","0.0043","0.004","0.0043","0.0043","0.0047","0.00473","0.0043","0.0043","0.0043"
"Databricks Premium Jobs Compute","USD","Azure Databricks","Azure Databricks","Premium Jobs Compute","","Premium Jobs Compute DBU","Analytics","1 Hour","0.0","Consumption",,"0.3","0.3","0.3","0.3","n/a","0.3","n/a","0.3","0.3","n/a","n/a","n/a"
"Databricks Premium All-Purpose Compute","USD","Azure Databricks","Azure Databricks","Premium All-purpose Compute","","Premium All-purpose Compute DBU","Analytics","1 Hour","0.0","Consumption",,"0.55","0.55","0.55","0.55","n/a","0.55","n/a","0.55","0.55","n/a","n/a","n/a"
"Databricks Premium Jobs Compute Photon","USD","Azure Databricks","Azure Databricks","Premium Jobs Compute Photon","","Premium Jobs Compute Photon DBU","Analytics","1 Hour","0.0","Consumption",,"0.3","0.3","0.3","0.3","n/a","0.3","n/a","0.3","0.3","n/a","n/a","n/a"
"Databricks Premium Serverless SQL","USD","Azure Databricks","Azure Databricks Regional","Premium Serverless SQL","Premium","Premium Serverless SQL DBU","Analytics","1 Hour","0.0","Consumption",,"0.91","0.91","n/a","0.91","n/a","1.09","n/a","0.91","0.91","n/a","n/a","n/a"
"Data Factory Cloud Orchestration Activity Run","USD","Azure Data Factory v2","Azure Data Factory v2","Cloud","","Cloud Orchestration Activity Run","Analytics","1K","0.0","Consumption",,"1.0","1.0","1.0","1.0","1.0","1.0","1.0","1.0","1.0","1.0","1.0","1.0"
"Data Factory Cloud Data Movement","USD","Azure Data Factory v2","Azure Data Factory v2","Cloud","","Cloud Data Movement","Analytics","1 Hour","0.0","Consumption",,"0.25","0.25","0.25","0.25","0.25","0.25","0.25","0.25","0.25","0.25","0.25","0.25"
"Data Factory General Purpose Data Flow vCore","USD","Azure Data Factory v2","Azure Data Factory v2 Data Flow - General Purpose","vCore","DataFactory_General_Purpose_Optimized","vCore","Analytics","1 Hour","0.0","Consumption",,"0.268","0.268","0.268","0.2665","0.268","0.2815","0.268","0.28775","0.27475","0.268","0.268","0.2665"
"Fabric Data Warehouse Accelerated CU","USD","Microsoft Fabric","Fabric Capacity","Data Warehouse (Accelerated) Capacity Usage","Data Warehouse Accelerated","Data Warehouse (Accelerated) Capacity Usage CU","Data","1 Hour","0.0","Consumption",,"0.22","0.19","0.21","0.22","0.19","n/a","0.234","0.2","0.24","0.234","0.234","0.22"
"Fabric Spark Memory Optimized CU","USD","Microsoft Fabric","Fabric Capacity","Spark Memory Optimized Capacity Usage","Spark Mem Op","Spark Memory Optimized Capacity Usage CU","Data","1 Hour","0.0","Consumption",,"0.22","0.19","0.21","0.22","0.19","0.23","0.234","0.2","0.24","0.234","0.234","0.22"
"Fabric OneLake Hot Data Stored","USD","Microsoft Fabric","OneLake","OneLake Storage Hot","OneLake Storage","OneLake Storage Hot Data Stored","Data","1 GB/Month","0.0","Consumption",,"0.024","0.023","0.024","0.024","0.023","0.0264","0.0338","0.024","0.0264","0.0338","0.0338","0.024"
"Synapse Dedicated SQL DW100c","USD","Azure Synapse Analytics","Azure Synapse Analytics Dedicated SQL Pool","DW100c","SQL_DW100c","100 DWUs","Analytics","1/Hour","0.0","Consumption",,"1.51","1.51","1.51","1.51","1.51","1.661","n/a","1.51","1.661","n/a","n/a","1.51"
"Synapse Serverless SQL Data Processed","USD","Azure Synapse Analytics","Azure Synapse Analytics Serverless SQL Pool","Standard","","Standard Data Processed","Analytics","1 TB","0.0","Consumption",,"5.0","5.0","5.0","5.0","5.0","5.5","n/a","7.0","5.5","n/a","n/a","5.0"
"Synapse Memory Optimized Spark vCore","USD","Azure Synapse Analytics","Azure Synapse Analytics Serverless Apache Spark Pool - Memory Optimized","vCore","","vCore","Analytics","1 Hour","0.0","Consumption",,"0.15456","0.142","0.149","0.15042","0.1455","0.17112","n/a","0.15318","0.16284","n/a","n/a","0.15042"
"Synapse Azure Hosted IR Data Movement","USD","Azure Synapse Analytics","Azure Synapse Analytics Pipelines","Azure Hosted IR","","Azure Hosted IR Data Movement","Analytics","1 Hour","0.0","Consumption",,"0.25","0.25","n/a","0.25","0.25","0.25","n/a","0.25","0.25","n/a","n/a","0.25"
"Synapse SQL Storage LRS","USD","Azure Synapse Analytics","Azure Synapse Analytics SQL Storage","Standard LRS","","Standard LRS Data Stored","Analytics","1 TB/Month","0.0","Consumption",,"23.0","23.0","23.0","23.0","23.0","25.3","n/a","25.601","25.3","n/a","n/a","23.0"
"Key Vault Standard Operations","USD","Key Vault","Key Vault","Standard","","Operations","Security","10K","0.0","Consumption",,"0.03","0.03","0.03","0.03","0.03","0.03","0.03","0.03","0.03","0.03","0.03","0.03"
"Key Vault Premium Advanced Key Operations","USD","Key Vault","Key Vault","Premium","","Advanced Key Operations","Security","10K","0.0","Consumption",,"0.15","0.15","0.15","0.15","0.15","0.15","0.15","0.15","0.15","0.15","0.15","0.15"
"Key Vault HSM Pool B1","USD","Key Vault","Key Vault HSM Pool","Standard B1","","Standard B1 Instance","Security","1 Hour","0.0","Consumption",,"3.2","3.2","3.2","3.2","3.2","3.2","3.2","3.2","3.2","3.2","3.2","3.2"
"App Service Premium v3 P1 Windows","USD","Azure App Service","Azure App Service Premium v3 Plan","P1 v3","Standard_P1_v3_Windows","P1 v3 App","Compute","1 Hour","0.0","Consumption",,"0.338","0.338","0.338","0.338","0.338","0.3718","0.338","0.334","0.357","0.338","0.4095","0.338"
"App Service Premium v3 P1 Linux","USD","Azure App Service","Azure App Service Premium v3 Plan - Linux","P1 v3","Azure_App_Service_Premium_v3_Plan_Linux_P1_v3","P1 v3 App","Compute","1 Hour","0.0","Consumption",,"0.178","0.178","0.178","0.178","0.178","0.1958","0.178","0.174","0.197","0.178","0.2015","0.178"
"API Management Consumption Calls","USD","API Management","API Management","Consumption","","Consumption Calls","Developer Tools","10K","0.0","Consumption",,"0.0","0.0","0.0","0.0","0.0","0.0","0.0","0.0","0.0","0.0","0.0","0.0"
"API Management Consumption Calls","USD","API Management","API Management","Consumption","","Consumption Calls","Developer Tools","10K","100.0","Consumption",,"0.035","0.035","0.035","0.035","0.035","0.0525","0.035","0.035","0.0385","0.035","0.035","0.035"
"API Management Standard v2 Unit","USD","API Management","API Management","Standard v2","Standard v2","Standard v2 Unit","Developer Tools","1 Hour","0.0","Consumption",,"0.9589","1.25","1.25","0.9589","0.9589","0.9589","0.9589","0.9589","0.9589","0.9589","0.9589","0.958904"
"API Management Premium Unit","USD","API Management","API Management","Premium","","Premium Unit","Developer Tools","1 Hour","0.0","Consumption",,"3.829","3.829","3.829","3.829","3.829","3.829","3.829","3.829","3.829","3.829","3.829","3.829"
"Event Grid Standard Event Operations","USD","Event Grid","Event Grid","Standard","","Standard Event Operations","Internet of Things","1M","0.0","Consumption",,"0.0","0.0","0.0","0.0","0.0","0.0","0.6","0.0","0.0","0.0","n/a","0.0"
"Event Grid Standard Event Operations","USD","Event Grid","Event Grid","Standard","","Standard Event Operations","Internet of Things","1M","1.0","Consumption",,"0.6","0.6","0.6","0.6","0.6","0.6","n/a","0.6","0.6","0.6","n/a","0.6"
"Event Grid Standard MQTT Operations","USD","Event Grid","Event Grid","Standard","","Standard MQTT Operations","Internet of Things","1M","0.0","Consumption",,"0.0","0.0","0.0","0.0","0.0","0.0","1.0","0.0","0.0","0.0","n/a","0.0"
"Event Grid Standard MQTT Operations","USD","Event Grid","Event Grid","Standard","","Standard MQTT Operations","Internet of Things","1M","1.0","Consumption",,"1.0","1.0","1.0","1.0","1.0","1.0","n/a","1.0","1.0","1.0","n/a","1.0"
"Event Grid Standard Throughput Unit","USD","Event Grid","Event Grid","Standard","","Standard Throughput Unit","Internet of Things","1 Hour","0.0","Consumption",,"0.04","0.04","0.04","0.04","0.04","0.04","0.04","0.04","0.04","0.04","n/a","0.04"
"Event Hubs Standard Throughput Unit","USD","Event Hubs","Event Hubs","Standard","","Standard Throughput Unit","Internet of Things","1 Hour","0.0","Consumption",,"0.03","0.03","0.03","0.03","0.03","0.03","0.03","0.03","0.03","0.03","0.03","0.03"
"Event Hubs Standard Ingress Events","USD","Event Hubs","Event Hubs","Standard","","Standard Ingress Events","Internet of Things","1M","0.0","Consumption",,"0.028","0.028","0.028","0.028","0.028","0.028","0.028","0.028","0.028","0.028","0.028","0.028"
"Event Hubs Standard Capture","USD","Event Hubs","Event Hubs","Standard","","Standard Capture","Internet of Things","1 Hour","0.0","Consumption",,"0.1","0.1","0.1","0.1","0.1","0.1","0.1","0.1","0.1","0.1","0.1","0.1"
"Event Hubs Premium Processing Unit","USD","Event Hubs","Event Hubs","Premium","","Premium Processing Unit","Internet of Things","1 Hour","0.0","Consumption",,"1.336","1.336","1.336","1.336","1.336","1.4696","1.336","1.284","1.469","1.336","1.336","1.4696"
"Redis Cache Premium P1","USD","Redis Cache","Azure Redis Cache Premium","P1","Azure_Redis_Cache_Premium_P1_Cache","P1 Cache","Databases","1 Hour","0.0","Consumption",,"0.555","0.555","0.555","0.555","0.555","0.555","0.555","0.694","0.555","0.555","0.555","0.555"
"Redis Cache Premium P2","USD","Redis Cache","Azure Redis Cache Premium","P2","Azure_Redis_Cache_Premium_P2_Cache","P2 Cache","Databases","1 Hour","0.0","Consumption",,"1.11","1.11","1.11","1.11","1.11","1.11","1.11","1.388","1.11","1.11","1.11","1.11"
"Azure Managed Redis Balanced B10","USD","Redis Cache","Azure Managed Redis - Balanced","B10","Azure_Managed_Redis_Balanced_B10","B10 Cache Instance","Databases","1 Hour","0.0","Consumption",,"0.375","0.331","0.362","0.375","0.375","0.45045","0.375","0.362","0.45045","0.375","0.375","0.4095"
"Azure Managed Redis Compute Optimized X100","USD","Redis Cache","Azure Managed Redis - Compute Optimized","X100","Azure_Managed_Redis_Compute_Optimized_X100","X100 Cache Instance","Databases","1 Hour","0.0","Consumption",,"5.549","4.896","5.362","5.549","5.549","6.66809","5.549","5.362","6.66809","5.549","5.549","6.0619"
"Service Bus Standard Base Unit","USD","Service Bus","Service Bus","Standard","","Standard Base Unit","Integration","1/Hour","0.0","Consumption",,"0.013441","0.013441","0.013441","0.013441","0.013441","0.013441","0.013441","0.013441","0.013441","0.013441","0.013441","0.013441"
"Service Bus Standard Messaging Operations","USD","Service Bus","Service Bus","Standard","","Standard Messaging Operations","Integration","1M","0.0","Consumption",,"0.0","0.0","0.0","0.0","0.0","0.0","0.0","0.0","0.0","0.0","0.0","0.0"
"Service Bus Standard Messaging Operations","USD","Service Bus","Service Bus","Standard","","Standard Messaging Operations","Integration","1M","100.0","Consumption",,"0.5","0.5","0.5","0.5","0.65","0.5","0.5","0.5","0.5","0.5","0.5","0.5"
"Service Bus Standard Messaging Operations","USD","Service Bus","Service Bus","Standard","","Standard Messaging Operations","Integration","1M","13.0","Consumption",,"0.8","0.8","0.8","0.8","1.04","0.8","0.8","0.8","0.8","0.8","0.8","0.8"
"Service Bus Standard Messaging Operations","USD","Service Bus","Service Bus","Standard","","Standard Messaging Operations","Integration","1M","2500.0","Consumption",,"0.2","0.2","0.2","0.2","0.26","0.2","0.2","0.2","0.2","0.2","0.2","0.2"
"Service Bus Premium Messaging Unit","USD","Service Bus","Service Bus","Premium","","Premium Messaging Unit","Integration","1/Hour","0.0","Consumption",,"0.9275","0.9275","0.9275","0.9275","0.9275","0.9275","0.9275","0.9275","0.9275","0.9275","0.9275","0.9275"
"Foundry DeepSeek R1 Global Input","USD","Foundry Models","Azure Deepseek Models","R1 Inp glbl","R1 Inp glbl","R1 Inp glbl Tokens","AI + Machine Learning","1K","0.0","Consumption",,"0.00135","0.00135","0.00135","0.00135","0.00135","0.00135","n/a","0.00135","0.00135","n/a","n/a","0.00135"
"Foundry DeepSeek R1 Global Output","USD","Foundry Models","Azure Deepseek Models","R1 Outp glbl","R1 Outp glbl","R1 Outp glbl Tokens","AI + Machine Learning","1K","0.0","Consumption",,"0.0054","0.0054","0.0054","0.0054","0.0054","0.0054","n/a","0.0054","0.0054","n/a","n/a","0.0054"
"Foundry Hosted Agent vCPU","USD","Foundry Tools","Foundry Agents","Hosted","Hosted HOBO","Hosted vCPU Usage","AI + Machine Learning","1 Hour","0.0","Consumption",,"n/a","0.10934","0.10934","0.10934","0.10934","0.10934","n/a","0.10934","0.10934","n/a","n/a","0.10934"
"Foundry Hosted Agent Memory","USD","Foundry Tools","Foundry Agents","Hosted","Hosted HOBO","Hosted Memory Usage","AI + Machine Learning","1 Hour","0.0","Consumption",,"n/a","0.01298","0.01298","0.01298","0.01298","0.01298","n/a","0.01298","0.01298","n/a","n/a","0.01298"
"Azure AI Search Standard S1 Unit","USD","Azure Cognitive Search","Azure AI Search","Standard S1","","Standard S1 Unit","Web","1 Hour","0.0","Consumption",,"0.336","0.336","0.336","0.336","0.336","0.336","0.336","0.336","0.336","0.336","0.336","0.336"
"Azure AI Search Semantic Ranker Queries","USD","Azure Cognitive Search","Azure AI Search","Semantic Ranker","","Semantic Ranker queries","Web","1K","0.0","Consumption",,"1.0","1.0","1.0","1.0","n/a","1.0","1.0","1.0","1.0","1.0","1.0","1.0"
"Azure AI Search Document Cracking","USD","Azure Cognitive Search","Azure AI Search","Document Cracking","","Document Cracking Image Extraction","Web","1K","0.0","Consumption",,"1.0","1.0","1.0","1.0","1.0","1.0","1.0","1.0","1.0","1.0","1.0","1.0"
"Azure AI Search Document Cracking","USD","Azure Cognitive Search","Azure AI Search","Document Cracking","","Document Cracking Image Extraction","Web","1K","1000.0","Consumption",,"0.8","0.8","0.8","0.8","0.8","0.8","0.8","0.8","0.8","n/a","0.8","0.8"
"Azure AI Search Document Cracking","USD","Azure Cognitive Search","Azure AI Search","Document Cracking","","Document Cracking Image Extraction","Web","1K","5000.0","Consumption",,"0.65","0.65","0.65","0.65","0.65","0.65","0.65","0.65","0.65","n/a","0.65","0.65"
"Recovery Vault SQL VM Protected Instance","USD","Backup","Backup","SQL Server in Azure VM","","SQL Server in Azure VM Protected Instance","Storage","1/Month","0.0","Consumption",,"32.5","32.5","32.5","32.5","32.5","35.75","32.5","31.25","35.75","32.5","32.5","32.5"
"Recovery Vault Standard LRS Data Stored","USD","Backup","Backup","Standard","","Standard LRS Data Stored","Storage","1 GB/Month","0.0","Consumption",,"0.0224","0.0224","0.0224","0.03","0.0224","0.02464","0.0224","0.028","0.02464","0.0224","0.0224","0.02464"
"Recovery Vault VM Replicated to Azure","USD","Azure Site Recovery","Azure Site Recovery","Azure","","VM Replicated to Azure","Management and Governance","1/Month","0.0","Consumption",,"25.0","25.0","25.0","25.0","25.0","25.0","25.0","25.0","25.0","25.0","n/a","25.0"
"SQL MI General Purpose Gen5 Reservation","USD","SQL Managed Instance","SQL Managed Instance General Purpose - Compute Gen5","vCore","SQLMI_GP_Compute_Gen5","vCore","Databases","1 Hour","0.0","Reservation","1 Year","953.0","953.0","953.0","953.0","953.0","1049.0","953.0","1083.0","1049.0","953.0","953.0","953.0"
"SQL MI General Purpose Gen5 Reservation","USD","SQL Managed Instance","SQL Managed Instance General Purpose - Compute Gen5","vCore","SQLMI_GP_Compute_Gen5","vCore","Databases","1 Hour","0.0","Reservation","3 Years","1980.0","1980.0","1980.0","1980.0","1980.0","2178.0","1980.0","2250.0","2178.0","1980.0","1980.0","1980.0"
"PostgreSQL Flexible Server Ddsv4 Reservation","USD","Azure Database for PostgreSQL","Azure Database for PostgreSQL Flexible Server General Purpose Ddsv4 Series Compute","vCore","AzureDB_PostgreSQL_Flexible_Server_General_Purpose_Ddsv4Series_Compute","vCore","Databases","1 Hour","0.0","Reservation","1 Year","557.0","468.0","557.0","557.0","557.0","683.0","557.0","543.0","627.0","557.0","557.0","468.0"
"PostgreSQL Flexible Server Ddsv4 Reservation","USD","Azure Database for PostgreSQL","Azure Database for PostgreSQL Flexible Server General Purpose Ddsv4 Series Compute","vCore","AzureDB_PostgreSQL_Flexible_Server_General_Purpose_Ddsv4Series_Compute","vCore","Databases","1 Hour","0.0","Reservation","3 Years","1113.0","936.0","1114.0","1113.0","1114.0","1366.0","1113.0","1085.0","1254.0","1113.0","1113.0","936.0"
"App Service Premium v3 P1 Windows Reservation","USD","Azure App Service","Azure App Service Premium v3 Plan","P1 v3","Standard_P1_v3_Windows","P1 v3 App","Compute","1 Hour","0.0","Reservation","1 Year","2208.0","2208.0","2208.0","2208.0","2208.0","2399.0","2208.0","2190.0","2321.0","2208.0","2208.0","2208.0"
"App Service Premium v3 P1 Windows Reservation","USD","Azure App Service","Azure App Service Premium v3 Plan","P1 v3","Standard_P1_v3_Windows","P1 v3 App","Compute","1 Hour","0.0","Reservation","3 Years","5334.0","5334.0","5334.0","5334.0","5334.0","5727.0","5334.0","5283.0","5545.0","5334.0","5334.0","5334.0"
"Azure Managed Redis X700 Reservation","USD","Redis Cache","Azure Managed Redis - Compute Optimized","X700","Azure_Managed_Redis_Compute_Optimized_X700","X700 Cache Instance","Databases","1 Hour","0.0","Reservation","1 Year","157974.0","139389.0","152662.0","157974.0","157974.0","189832.0","157974.0","152662.0","189832.0","157974.0","n/a","172575.0"
"Azure Managed Redis X700 Reservation","USD","Redis Cache","Azure Managed Redis - Compute Optimized","X700","Azure_Managed_Redis_Compute_Optimized_X700","X700 Cache Instance","Databases","1 Hour","0.0","Reservation","3 Years","328101.0","289500.0","317067.0","328101.0","328101.0","394267.0","328101.0","317067.0","394267.0","328101.0","n/a","358425.0"
"Fabric Capacity Reservation","USD","Microsoft Fabric","Fabric Capacity Reservation","Fabric Capacity","Fabric_Capacity_CU_Hour","Fabric Capacity CU","Data","1 Hour","0.0","Reservation","1 Year","1146.0","990.0","1094.0","1146.0","990.0","1198.0","1220.0","1042.0","1250.0","1220.0","1220.0","1146.0"
"Fabric Capacity Reservation","USD","Microsoft Fabric","Fabric Capacity Reservation","Fabric Capacity","Fabric_Capacity_CU_Hour","Fabric Capacity CU","Data","1 Hour","0.0","Reservation","3 Years","3438.0","2970.0","3282.0","3438.0","2970.0","3594.0","3659.0","3126.0","3750.0","3659.0","3659.0","3438.0"
"Synapse DW100c Reservation","USD","Azure Synapse Analytics","Azure Synapse Analytics Dedicated SQL Pool","DW100c","SQL_DW100c","100 DWUs","Analytics","1/Hour","0.0","Reservation","1 Year","8333.0","n/a","n/a","8333.0","n/a","9167.0","n/a","8333.0","9167.0","n/a","n/a","n/a"
"Synapse DW100c Reservation","USD","Azure Synapse Analytics","Azure Synapse Analytics Dedicated SQL Pool","DW100c","SQL_DW100c","100 DWUs","Analytics","1/Hour","0.0","Reservation","3 Years","13889.0","n/a","n/a","13889.0","n/a","15278.0","n/a","13889.0","15278.0","n/a","n/a","n/a"
